{
  "name": "wfrp4-local-storage-initializer",
  "title": "[WFRP4] Local Storage Initializer",
  "description": "Init player local storage",
  "version": "1.0.2",
  "minimumCoreVersion": "0.7.9",
  "compatibleCoreVersion": "0.7.9",
  "author": "Skeroujvapluvit",
  "dependencies": [
    {
      "name": "wfrp4e",
      "type": "system"
    }
  ],
  "esmodules": [
    "main.js"
  ],
  "languages": [
    {
      "lang": "en",
      "name": "English",
      "path": "lang/en.json"
    },
    {
      "lang": "fr",
      "name": "Français",
      "path": "lang/fr.json"
    }
  ],
  "url": "https://github.com/mcailleaux/WFRP4-FoundryVTT-local-storage-initializer",
  "download": "https://github.com/mcailleaux/WFRP4-FoundryVTT-local-storage-initializer/blob/dist/dist/wfrp4-local-storage-initializer.zip?raw=true",
  "manifest": "https://raw.githubusercontent.com/mcailleaux/WFRP4-FoundryVTT-local-storage-initializer/dist/module.json",
  "readme": "https://raw.githubusercontent.com/mcailleaux/WFRP4-FoundryVTT-local-storage-initializer/dist/README.md",
  "changelog": "https://raw.githubusercontent.com/mcailleaux/WFRP4-FoundryVTT-local-storage-initializer/dist/CHANGELOG.md"
}
